-- Seed mock data from lib/mock-data.ts
-- Profiles, channels, chats, chat_participants, messages

-- Fixed UUIDs for reproducible references
-- Profiles (u1-u8)
INSERT INTO profiles (id, clerk_user_id, name, email, avatar_url, status, role) VALUES
  ('11111111-1111-1111-1111-111111111101', 'mock_u1', 'Alex Morgan', 'alex@devcollab.io', NULL, 'online', 'Engineering Lead'),
  ('11111111-1111-1111-1111-111111111102', 'mock_u2', 'Sam Chen', 'sam@devcollab.io', NULL, 'online', 'Frontend Dev'),
  ('11111111-1111-1111-1111-111111111103', 'mock_u3', 'Jordan Lee', 'jordan@devcollab.io', NULL, 'away', 'Designer'),
  ('11111111-1111-1111-1111-111111111104', 'mock_u4', 'Taylor Kim', 'taylor@devcollab.io', NULL, 'online', 'Backend Dev'),
  ('11111111-1111-1111-1111-111111111105', 'mock_u5', 'Riley Davis', 'riley@devcollab.io', NULL, 'offline', 'PM'),
  ('11111111-1111-1111-1111-111111111106', 'mock_u6', 'Casey Patel', 'casey@devcollab.io', NULL, 'online', 'DevOps'),
  ('11111111-1111-1111-1111-111111111107', 'mock_u7', 'Morgan Wright', 'morgan@devcollab.io', NULL, 'away', 'QA Engineer'),
  ('11111111-1111-1111-1111-111111111108', 'mock_u8', 'Jamie Torres', 'jamie@devcollab.io', NULL, 'online', 'Full Stack Dev');

-- Channels (ch1-ch4)
INSERT INTO channels (id, name, description) VALUES
  ('22222222-2222-2222-2222-222222222201', 'general', 'Company-wide announcements and updates'),
  ('22222222-2222-2222-2222-222222222202', 'engineering', 'Engineering discussions and code reviews'),
  ('22222222-2222-2222-2222-222222222203', 'design', 'Design reviews, feedback, and assets'),
  ('22222222-2222-2222-2222-222222222204', 'announcements', 'Official company announcements');

-- Chats (dm1, dm2, dm3, gc1, gc2)
INSERT INTO chats (id, name, is_group) VALUES
  ('33333333-3333-3333-3333-333333333301', 'Sam Chen', false),
  ('33333333-3333-3333-3333-333333333302', 'Jordan Lee', false),
  ('33333333-3333-3333-3333-333333333303', 'Taylor Kim', false),
  ('33333333-3333-3333-3333-333333333304', 'Sprint Planning', true),
  ('33333333-3333-3333-3333-333333333305', 'Design Review', true);

-- Chat participants
-- dm1: u1, u2
INSERT INTO chat_participants (chat_id, user_id) VALUES
  ('33333333-3333-3333-3333-333333333301', '11111111-1111-1111-1111-111111111101'),
  ('33333333-3333-3333-3333-333333333301', '11111111-1111-1111-1111-111111111102');
-- dm2: u1, u3
INSERT INTO chat_participants (chat_id, user_id) VALUES
  ('33333333-3333-3333-3333-333333333302', '11111111-1111-1111-1111-111111111101'),
  ('33333333-3333-3333-3333-333333333302', '11111111-1111-1111-1111-111111111103');
-- dm3: u1, u4
INSERT INTO chat_participants (chat_id, user_id) VALUES
  ('33333333-3333-3333-3333-333333333303', '11111111-1111-1111-1111-111111111101'),
  ('33333333-3333-3333-3333-333333333303', '11111111-1111-1111-1111-111111111104');
-- gc1: u1, u2, u4, u5, u6, u8
INSERT INTO chat_participants (chat_id, user_id) VALUES
  ('33333333-3333-3333-3333-333333333304', '11111111-1111-1111-1111-111111111101'),
  ('33333333-3333-3333-3333-333333333304', '11111111-1111-1111-1111-111111111102'),
  ('33333333-3333-3333-3333-333333333304', '11111111-1111-1111-1111-111111111104'),
  ('33333333-3333-3333-3333-333333333304', '11111111-1111-1111-1111-111111111105'),
  ('33333333-3333-3333-3333-333333333304', '11111111-1111-1111-1111-111111111106'),
  ('33333333-3333-3333-3333-333333333304', '11111111-1111-1111-1111-111111111108');
-- gc2: u1, u3, u5, u7
INSERT INTO chat_participants (chat_id, user_id) VALUES
  ('33333333-3333-3333-3333-333333333305', '11111111-1111-1111-1111-111111111101'),
  ('33333333-3333-3333-3333-333333333305', '11111111-1111-1111-1111-111111111103'),
  ('33333333-3333-3333-3333-333333333305', '11111111-1111-1111-1111-111111111105'),
  ('33333333-3333-3333-3333-333333333305', '11111111-1111-1111-1111-111111111107');

-- Channel messages (ch1)
INSERT INTO messages (id, sender_id, content, channel_id, created_at) VALUES
  ('44444444-4444-4444-4444-444444444401', '11111111-1111-1111-1111-111111111105', 'Welcome to DevCollab! We''re excited to have everyone onboard for the new sprint.', '22222222-2222-2222-2222-222222222201', '2026-02-10 09:00:00+00'),
  ('44444444-4444-4444-4444-444444444402', '11111111-1111-1111-1111-111111111102', 'Thanks Riley! Looking forward to collaborating with the team.', '22222222-2222-2222-2222-222222222201', '2026-02-10 09:05:00+00'),
  ('44444444-4444-4444-4444-444444444403', '11111111-1111-1111-1111-111111111103', 'Just pushed the new design system tokens. Let me know if anyone has questions.', '22222222-2222-2222-2222-222222222201', '2026-02-10 09:15:00+00'),
  ('44444444-4444-4444-4444-444444444404', '11111111-1111-1111-1111-111111111101', 'Great work Jordan. I''ll review those this afternoon.', '22222222-2222-2222-2222-222222222201', '2026-02-10 09:22:00+00'),
  ('44444444-4444-4444-4444-444444444405', '11111111-1111-1111-1111-111111111106', 'CI pipeline is green across all environments. Ship it!', '22222222-2222-2222-2222-222222222201', '2026-02-10 09:30:00+00'),
  ('44444444-4444-4444-4444-444444444406', '11111111-1111-1111-1111-111111111104', 'The API refactor is complete. Docs are updated in the engineering channel.', '22222222-2222-2222-2222-222222222201', '2026-02-10 10:00:00+00');

-- Channel messages (ch2)
INSERT INTO messages (id, sender_id, content, channel_id, created_at) VALUES
  ('44444444-4444-4444-4444-444444444407', '11111111-1111-1111-1111-111111111104', 'I''ve refactored the auth middleware. PR #247 is ready for review.', '22222222-2222-2222-2222-222222222202', '2026-02-10 08:30:00+00'),
  ('44444444-4444-4444-4444-444444444408', '11111111-1111-1111-1111-111111111101', 'Looking at it now. The token refresh logic looks much cleaner.', '22222222-2222-2222-2222-222222222202', '2026-02-10 08:45:00+00'),
  ('44444444-4444-4444-4444-444444444409', '11111111-1111-1111-1111-111111111108', 'Should we migrate to the new ORM? I''ve been benchmarking and it''s 3x faster.', '22222222-2222-2222-2222-222222222202', '2026-02-10 09:10:00+00'),
  ('44444444-4444-4444-4444-444444444410', '11111111-1111-1111-1111-111111111106', 'Let''s discuss in standup. I have some concerns about migration risk.', '22222222-2222-2222-2222-222222222202', '2026-02-10 09:20:00+00'),
  ('44444444-4444-4444-4444-444444444411', '11111111-1111-1111-1111-111111111102', 'Frontend bundle size is down 22% after tree-shaking improvements.', '22222222-2222-2222-2222-222222222202', '2026-02-10 09:45:00+00');

-- Channel messages (ch3)
INSERT INTO messages (id, sender_id, content, channel_id, created_at) VALUES
  ('44444444-4444-4444-4444-444444444412', '11111111-1111-1111-1111-111111111103', 'New component library preview is live. Check the Figma link in the thread.', '22222222-2222-2222-2222-222222222203', '2026-02-10 10:00:00+00'),
  ('44444444-4444-4444-4444-444444444413', '11111111-1111-1111-1111-111111111105', 'The new dashboard layout is looking sharp. Great work on the spacing.', '22222222-2222-2222-2222-222222222203', '2026-02-10 10:15:00+00'),
  ('44444444-4444-4444-4444-444444444414', '11111111-1111-1111-1111-111111111107', 'Found a couple of contrast issues on the dark theme. I''ll file tickets.', '22222222-2222-2222-2222-222222222203', '2026-02-10 10:30:00+00');

-- Channel messages (ch4)
INSERT INTO messages (id, sender_id, content, channel_id, created_at) VALUES
  ('44444444-4444-4444-4444-444444444415', '11111111-1111-1111-1111-111111111105', 'Team all-hands is next Thursday at 2 PM. Please mark your calendars.', '22222222-2222-2222-2222-222222222204', '2026-02-10 08:00:00+00'),
  ('44444444-4444-4444-4444-444444444416', '11111111-1111-1111-1111-111111111105', 'Q1 goals have been published. Check the wiki for your team''s OKRs.', '22222222-2222-2222-2222-222222222204', '2026-02-10 11:00:00+00');

-- Chat messages (dm1)
INSERT INTO messages (id, sender_id, content, chat_id, created_at) VALUES
  ('55555555-5555-5555-5555-555555555501', '11111111-1111-1111-1111-111111111102', 'Hey Alex, are you free to pair on the auth module?', '33333333-3333-3333-3333-333333333301', '2026-02-10 10:00:00+00'),
  ('55555555-5555-5555-5555-555555555502', '11111111-1111-1111-1111-111111111101', 'Sure! How about 3 PM?', '33333333-3333-3333-3333-333333333301', '2026-02-10 10:15:00+00'),
  ('55555555-5555-5555-5555-555555555503', '11111111-1111-1111-1111-111111111102', 'Sounds good, let''s sync at 3.', '33333333-3333-3333-3333-333333333301', '2026-02-10 10:30:00+00');

-- Chat messages (dm2) - dm2-3 has file attachment
INSERT INTO messages (id, sender_id, content, chat_id, created_at) VALUES
  ('55555555-5555-5555-5555-555555555504', '11111111-1111-1111-1111-111111111103', 'I''ve finished the onboarding flow mockups.', '33333333-3333-3333-3333-333333333302', '2026-02-10 09:00:00+00'),
  ('55555555-5555-5555-5555-555555555505', '11111111-1111-1111-1111-111111111101', 'Awesome, can you share the Figma link?', '33333333-3333-3333-3333-333333333302', '2026-02-10 09:20:00+00'),
  ('55555555-5555-5555-5555-555555555506', '11111111-1111-1111-1111-111111111103', 'The mockups are attached.', '33333333-3333-3333-3333-333333333302', '2026-02-10 09:45:00+00');

-- Chat messages (dm3) - "Yesterday" timestamps
INSERT INTO messages (id, sender_id, content, chat_id, created_at) VALUES
  ('55555555-5555-5555-5555-555555555507', '11111111-1111-1111-1111-111111111101', 'Just reviewed your PR on the API refactor.', '33333333-3333-3333-3333-333333333303', '2026-02-09 18:00:00+00'),
  ('55555555-5555-5555-5555-555555555508', '11111111-1111-1111-1111-111111111104', 'Thanks! Any blockers?', '33333333-3333-3333-3333-333333333303', '2026-02-09 18:15:00+00'),
  ('55555555-5555-5555-5555-555555555509', '11111111-1111-1111-1111-111111111101', 'PR approved!', '33333333-3333-3333-3333-333333333303', '2026-02-09 18:30:00+00');

-- Chat messages (gc1)
INSERT INTO messages (id, sender_id, content, chat_id, created_at) VALUES
  ('55555555-5555-5555-5555-555555555510', '11111111-1111-1111-1111-111111111105', 'Good morning team. Sprint 14 planning starts now.', '33333333-3333-3333-3333-333333333304', '2026-02-10 09:00:00+00'),
  ('55555555-5555-5555-5555-555555555511', '11111111-1111-1111-1111-111111111104', 'I''ve got the backend tasks estimated and ready.', '33333333-3333-3333-3333-333333333304', '2026-02-10 09:05:00+00'),
  ('55555555-5555-5555-5555-555555555512', '11111111-1111-1111-1111-111111111102', 'Frontend is also ready. We have 34 story points queued.', '33333333-3333-3333-3333-333333333304', '2026-02-10 09:10:00+00'),
  ('55555555-5555-5555-5555-555555555513', '11111111-1111-1111-1111-111111111106', 'Infra tasks are light this sprint, about 8 points.', '33333333-3333-3333-3333-333333333304', '2026-02-10 09:15:00+00'),
  ('55555555-5555-5555-5555-555555555514', '11111111-1111-1111-1111-111111111105', 'Let''s finalize the backlog today.', '33333333-3333-3333-3333-333333333304', '2026-02-10 11:00:00+00');

-- Chat messages (gc2) - "Yesterday" timestamps
INSERT INTO messages (id, sender_id, content, chat_id, created_at) VALUES
  ('55555555-5555-5555-5555-555555555515', '11111111-1111-1111-1111-111111111103', 'Sharing the latest iteration of the dashboard.', '33333333-3333-3333-3333-333333333305', '2026-02-09 14:00:00+00'),
  ('55555555-5555-5555-5555-555555555516', '11111111-1111-1111-1111-111111111107', 'Tested on mobile and it looks great.', '33333333-3333-3333-3333-333333333305', '2026-02-09 14:30:00+00'),
  ('55555555-5555-5555-5555-555555555017', '11111111-1111-1111-1111-111111111105', 'New designs look great!', '33333333-3333-3333-3333-333333333305', '2026-02-09 15:00:00+00');

-- File attachment for dm2-3 (message 55555555-5555-5555-5555-555555555506)
INSERT INTO file_attachments (message_id, name, type, size) VALUES
  ('55555555-5555-5555-5555-555555555506', 'onboarding-flow-v2.pdf', 'pdf', '3.2 MB');
